model,data,epochs,batch size,best epoch,precision,recall,f1,mAP50,mAP50_95,loss
YOLO11s,split-1,100,8,,0.993,0.341,0.507,0.415,0.233,1.212
YOLO11s,split-1+interval-10,1000,8,,0.964,0.192,0.320,0.477,0.227,1.079
YOLO11n,split-1,169,8,,1.000,0.199,0.332,0.426,0.243,1.136
YOLO11n,split-1+interval-10,515,8,,0.975,0.104,0.188,0.280,0.133,1.084
Faster_RCNN,split-2+interval-10,51,split-2+interval-10,,0.8233618233618234,0.21729323308270676,0.3438429506246282,0.32213169270086617,0.1549772844476113,1.2479017972946167
YOLO11s,split-1,299,8,,1.0,0.06578947368421052,0.12345679012345677,0.15322188129265987,0.08997466522317343,1.0325275659561157
YOLO11s,split-1,300,8,,1.0,0.06578947368421052,0.12345679012345677,0.15322188129265987,0.08997466522317343,1.0325275659561157
YOLO11s,split-1(2),611,8,,0.29850746268656714,0.0015839074998020115,0.003151095005514416,0.002318856762290854,0.0006624830468876263,0.9190672636032104
