model,data,epochs,batch size,best epoch,Recall,Precision,F1,IoU,mAP50,mAP50-95
FRCNN,split-1(3)+label-5,FRCNN,8,,0.05084745762711865,1.0,0.0967741935483871,0.7648665056155579,0.722263633792366,0.3813985239645614
FRCNN,split-2(3)+label-5,FRCNN,8,,0.8728813559322034,0.08469399741571713,0.1544062533461827,0.7146438881157444,0.7232379150940931,0.3329505623442262
FRCNN,split-3(3)+label-5,FRCNN,8,,0.9727602905569007,0.5265399737876802,0.683248299319728,0.7563133297963618,0.9445738936399031,0.4885682354622219
YOLO11n,split-1(3)+label-5,YOLO11n,1,,0.03318992009834051,1.0,0.06424747174301011,0.7442584041552499,0.4187536024920766,0.21898099153169612
YOLO11n,split-1(3)+label-5,75,8,,0.029259896729776247,1.0,0.05685618729096989,0.8106835294144619,0.676881935076429,0.436851769176924
