model,data,epochs,batch_size,precision,recall,f1,mAP50,mAP50_95,loss
YOLO,split_1,100,8,0.993421052631579,0.3406015037593985,0.5072788353863382,0.4152599872296966,0.232660396621044,1.2120126485824585
